timestamp,switch_id,porta,tx_bytes,rx_bytes,tx_pacotes,rx_pacotes
2026-06-25 01:57:07,1,1,266,266,3,3
2026-06-25 01:57:07,1,2,266,266,3,3
2026-06-25 01:57:07,1,3,266,266,3,3
2026-06-25 01:57:10,1,1,1016,516,12,6
2026-06-25 01:57:10,1,2,1016,516,12,6
2026-06-25 01:57:10,1,3,1016,516,12,6
2026-06-25 01:57:13,1,1,1226,586,15,7
2026-06-25 01:57:13,1,2,1226,586,15,7
2026-06-25 01:57:13,1,3,1226,586,15,7
2026-06-25 01:57:16,1,1,1226,586,15,7
2026-06-25 01:57:16,1,2,1226,586,15,7
2026-06-25 01:57:16,1,3,1226,586,15,7
2026-06-25 01:57:19,1,1,1226,586,15,7
2026-06-25 01:57:19,1,2,1226,586,15,7
2026-06-25 01:57:19,1,3,1226,586,15,7
2026-06-25 01:57:22,1,1,1436,656,18,8
2026-06-25 01:57:22,1,2,1436,656,18,8
2026-06-25 01:57:22,1,3,1436,656,18,8
2026-06-25 01:57:25,1,1,1436,656,18,8
2026-06-25 01:57:25,1,2,1436,656,18,8
2026-06-25 01:57:25,1,3,1436,656,18,8
2026-06-25 01:57:28,1,1,1436,656,18,8
2026-06-25 01:57:28,1,2,1436,656,18,8
2026-06-25 01:57:28,1,3,1436,656,18,8
2026-06-25 01:57:31,1,1,1436,656,18,8
2026-06-25 01:57:31,1,2,1436,656,18,8
2026-06-25 01:57:31,1,3,1436,656,18,8
2026-06-25 01:57:34,1,1,6198,287552,27,232
2026-06-25 01:57:34,1,2,1478,656,19,8
2026-06-25 01:57:34,1,3,288402,5418,243,17
2026-06-25 01:57:37,1,1,8080,420672,32,366
2026-06-25 01:57:37,1,2,1688,656,22,8
2026-06-25 01:57:37,1,3,421522,7300,377,22
2026-06-25 01:57:40,1,1,9990,564648,37,504
2026-06-25 01:57:40,1,2,1688,726,22,9
2026-06-25 01:57:40,1,3,565568,9070,516,25
2026-06-25 01:57:43,1,1,11760,699348,40,636
2026-06-25 01:57:43,1,2,1688,726,22,9
2026-06-25 01:57:43,1,3,700268,10840,648,28
2026-06-25 01:57:46,1,1,13530,842008,43,774
2026-06-25 01:57:46,1,2,1688,726,22,9
2026-06-25 01:57:46,1,3,842928,12610,786,31
2026-06-25 01:57:49,1,1,15300,975956,46,906
2026-06-25 01:57:49,1,2,1688,726,22,9
2026-06-25 01:57:49,1,3,976876,14380,918,34
2026-06-25 01:57:52,1,1,17070,1120496,49,1044
2026-06-25 01:57:52,1,2,1688,726,22,9
2026-06-25 01:57:52,1,3,1121416,16150,1056,37
2026-06-25 01:57:55,1,1,18882,1254486,53,1177
2026-06-25 01:57:55,1,2,1688,726,22,9
2026-06-25 01:57:55,1,3,1255406,17962,1189,41
2026-06-25 01:57:58,1,1,20652,1396394,56,1315
2026-06-25 01:57:58,1,2,1688,726,22,9
2026-06-25 01:57:58,1,3,1397314,19732,1327,44
2026-06-25 01:58:01,1,1,22506,1532264,61,1448
2026-06-25 01:58:01,1,2,671456,3000474424,10136,57600
2026-06-25 01:58:01,1,3,3002531718,691312,59061,10162
2026-06-25 01:58:04,1,1,24276,1675488,64,1586
2026-06-25 01:58:04,1,2,1496348,12596587738,22610,242769
2026-06-25 01:58:04,1,3,12598524394,1517974,244363,22639
2026-06-25 01:58:07,1,1,26046,1808566,67,1719
2026-06-25 01:58:07,1,2,2080402,22628376656,31451,437232
2026-06-25 01:58:07,1,3,22630317452,2103658,438958,31481
2026-06-25 01:58:10,1,1,27816,1952542,70,1857
2026-06-25 01:58:10,1,2,2555668,31839344908,38652,616178
2026-06-25 01:58:10,1,3,31841888594,2580760,618051,38686
2026-06-25 01:58:13,1,1,29586,2087242,73,1989
2026-06-25 01:58:13,1,2,3492790,41715749654,52849,804959
2026-06-25 01:58:13,1,3,41718167000,3519586,806960,52885
2026-06-25 01:58:16,1,1,31566,2229902,79,2127
2026-06-25 01:58:16,1,2,3927980,51532872388,59442,995476
2026-06-25 01:58:16,1,3,51535431712,3956546,997614,59481
2026-06-25 01:58:19,1,1,33378,2364686,83,2261
2026-06-25 01:58:19,1,2,4048562,54332421704,61269,1049966
2026-06-25 01:58:19,1,3,54175235686,4078940,1049051,61312
2026-06-25 01:58:22,1,1,35148,2509038,86,2399
2026-06-25 01:58:22,1,2,4048562,54332455986,61269,1049991
2026-06-25 01:58:22,1,3,54175380038,4080710,1049189,61315
2026-06-25 01:58:25,1,1,36960,2643028,90,2532
2026-06-25 01:58:25,1,2,4048562,54332490268,61269,1050016
2026-06-25 01:58:25,1,3,54175514028,4082522,1049322,61319
2026-06-25 01:58:28,1,1,38730,2784936,93,2670
2026-06-25 01:58:28,1,2,4048562,54332490268,61269,1050016
2026-06-25 01:58:28,1,3,54175655936,4084292,1049460,61322
2026-06-25 01:58:31,1,1,40500,2920952,96,2802
2026-06-25 01:58:31,1,2,4048562,54332515976,61269,1050034
2026-06-25 01:58:31,1,3,54175791952,4086062,1049592,61325
2026-06-25 01:58:34,1,1,42270,3063988,99,2940
2026-06-25 01:58:34,1,2,4048562,54332524550,61269,1050041
2026-06-25 01:58:34,1,3,54175934988,4087832,1049730,61328
2026-06-25 01:58:37,1,1,44040,3196996,102,3072
2026-06-25 01:58:37,1,2,4048562,54332524550,61269,1050041
2026-06-25 01:58:37,1,3,54176067996,4089602,1049862,61331
2026-06-25 01:58:40,1,1,45810,3341160,105,3210
2026-06-25 01:58:40,1,2,4048562,54332524550,61269,1050041
2026-06-25 01:58:40,1,3,54176212160,4091372,1050000,61334
2026-06-25 01:58:43,1,1,47622,3475902,109,3343
2026-06-25 01:58:43,1,2,4048562,54332524550,61269,1050041
2026-06-25 01:58:43,1,3,54176346902,4093184,1050133,61338
2026-06-25 01:58:46,1,1,49392,3618374,112,3481
2026-06-25 01:58:46,1,2,4048562,54332558832,61269,1050066
2026-06-25 01:58:46,1,3,54176489374,4094954,1050271,61341
2026-06-25 01:58:49,1,1,51204,3752552,116,3614
2026-06-25 01:58:49,1,2,4048562,54332558832,61269,1050066
2026-06-25 01:58:49,1,3,54176623552,4096766,1050404,61345
2026-06-25 01:58:52,1,1,52974,3897510,119,3753
2026-06-25 01:58:52,1,2,4048604,54332558874,61270,1050067
2026-06-25 01:58:52,1,3,54176768552,4098578,1050544,61349
2026-06-25 01:58:55,1,1,53564,3937730,120,3793
2026-06-25 01:58:55,1,2,4048604,54332558874,61270,1050067
2026-06-25 01:58:55,1,3,54176808772,4099168,1050584,61350
2026-06-25 01:58:58,1,1,53564,3937730,120,3793
2026-06-25 01:58:58,1,2,4048604,54332558874,61270,1050067
2026-06-25 01:58:58,1,3,54176808772,4099168,1050584,61350
2026-06-25 01:59:01,1,1,53564,3937730,120,3793
2026-06-25 01:59:01,1,2,4048604,54332558874,61270,1050067
2026-06-25 01:59:01,1,3,54176808842,4099168,1050585,61350
2026-06-25 01:59:04,1,1,53564,3937730,120,3793
2026-06-25 01:59:04,1,2,4048604,54332558874,61270,1050067
2026-06-25 01:59:04,1,3,54176808842,4099168,1050585,61350
2026-06-25 01:59:07,1,1,53564,3937730,120,3793
2026-06-25 01:59:07,1,2,4048604,54332558874,61270,1050067
2026-06-25 01:59:07,1,3,54176808842,4099168,1050585,61350
2026-06-25 01:59:10,1,1,53564,3937730,120,3793
2026-06-25 01:59:10,1,2,4048674,54332558874,61271,1050067
2026-06-25 01:59:10,1,3,54176808842,4099168,1050585,61350
2026-06-25 01:59:13,1,1,53564,3937800,120,3794
2026-06-25 01:59:13,1,2,4048744,54332580704,61272,1050082
2026-06-25 01:59:13,1,3,54176808912,4099168,1050586,61350
2026-06-25 01:59:16,1,1,53564,3937800,120,3794
2026-06-25 01:59:16,1,2,4048744,54332593156,61272,1050092
2026-06-25 01:59:16,1,3,54176808912,4099168,1050586,61350
2026-06-25 01:59:19,1,1,53564,3937800,120,3794
2026-06-25 01:59:19,1,2,4048744,54332593156,61272,1050092
2026-06-25 01:59:19,1,3,54176808912,4099168,1050586,61350
2026-06-25 01:59:22,1,1,53564,3937800,120,3794
2026-06-25 01:59:22,1,2,4048744,54332593156,61272,1050092
2026-06-25 01:59:22,1,3,54176808912,4099168,1050586,61350
2026-06-25 01:59:25,1,1,53634,3937800,121,3794
2026-06-25 01:59:25,1,2,4048814,54332593156,61273,1050092
2026-06-25 01:59:25,1,3,54176808912,4099238,1050586,61351
2026-06-25 01:59:28,1,1,53774,3937800,123,3794
2026-06-25 01:59:28,1,2,4048814,54332593226,61273,1050093
2026-06-25 01:59:28,1,3,54176808982,4099238,1050587,61351
2026-06-25 01:59:31,1,1,53774,3937800,123,3794
2026-06-25 01:59:31,1,2,4048814,54332593226,61273,1050093
2026-06-25 01:59:31,1,3,54176808982,4099238,1050587,61351
2026-06-25 01:59:34,1,1,53774,3937800,123,3794
2026-06-25 01:59:34,1,2,4048814,54332593226,61273,1050093
2026-06-25 01:59:34,1,3,54176808982,4099238,1050587,61351
2026-06-25 01:59:37,1,1,53774,3937800,123,3794
2026-06-25 01:59:37,1,2,4048814,54332593226,61273,1050093
2026-06-25 01:59:37,1,3,54176808982,4099238,1050587,61351
2026-06-25 01:59:40,1,1,53774,3937800,123,3794
2026-06-25 01:59:40,1,2,4048814,54332593226,61273,1050093
2026-06-25 01:59:40,1,3,54176808982,4099238,1050587,61351
2026-06-25 01:59:43,1,1,53774,3937800,123,3794
2026-06-25 01:59:43,1,2,4048814,54332593226,61273,1050093
2026-06-25 01:59:43,1,3,54176808982,4099238,1050587,61351
2026-06-25 01:59:46,1,1,53774,3937800,123,3794
2026-06-25 01:59:46,1,2,4048814,54332593226,61273,1050093
2026-06-25 01:59:46,1,3,54176808982,4099238,1050587,61351
2026-06-25 01:59:49,1,1,53774,3937800,123,3794
2026-06-25 01:59:49,1,2,4048814,54332593226,61273,1050093
2026-06-25 01:59:49,1,3,54176808982,4099238,1050587,61351
2026-06-25 01:59:52,1,1,53774,3937800,123,3794
2026-06-25 01:59:52,1,2,4048814,54332593226,61273,1050093
2026-06-25 01:59:52,1,3,54176808982,4099238,1050587,61351
2026-06-25 01:59:55,1,1,53774,3937800,123,3794
2026-06-25 01:59:55,1,2,4048814,54332593226,61273,1050093
2026-06-25 01:59:55,1,3,54176808982,4099238,1050587,61351
2026-06-25 01:59:58,1,1,53774,3937800,123,3794
2026-06-25 01:59:58,1,2,4048814,54332593226,61273,1050093
2026-06-25 01:59:58,1,3,54176808982,4099238,1050587,61351
2026-06-25 02:00:01,1,1,53774,3937800,123,3794
2026-06-25 02:00:01,1,2,4048814,54332593226,61273,1050093
2026-06-25 02:00:01,1,3,54176808982,4099238,1050587,61351
2026-06-25 02:00:04,1,1,53774,3937800,123,3794
2026-06-25 02:00:04,1,2,4048814,54332593226,61273,1050093
2026-06-25 02:00:04,1,3,54176808982,4099238,1050587,61351
2026-06-25 02:00:07,1,1,53774,3937800,123,3794
2026-06-25 02:00:07,1,2,4048814,54332593226,61273,1050093
2026-06-25 02:00:07,1,3,54176808982,4099238,1050587,61351
2026-06-25 02:00:10,1,1,53774,3937800,123,3794
2026-06-25 02:00:10,1,2,4048814,54332593226,61273,1050093
2026-06-25 02:00:10,1,3,54176808982,4099238,1050587,61351
2026-06-25 02:00:13,1,1,53774,3937800,123,3794
2026-06-25 02:00:13,1,2,4048814,54332593226,61273,1050093
2026-06-25 02:00:13,1,3,54176808982,4099238,1050587,61351
2026-06-25 02:00:16,1,1,53774,3937800,123,3794
2026-06-25 02:00:16,1,2,4048814,54332593226,61273,1050093
2026-06-25 02:00:16,1,3,54176808982,4099238,1050587,61351
2026-06-25 02:00:19,1,1,53774,3937800,123,3794
2026-06-25 02:00:19,1,2,4048814,54332593226,61273,1050093
2026-06-25 02:00:19,1,3,54176808982,4099238,1050587,61351
2026-06-25 02:00:22,1,1,53774,3937800,123,3794
2026-06-25 02:00:22,1,2,4048814,54332593226,61273,1050093
2026-06-25 02:00:22,1,3,54176808982,4099238,1050587,61351
2026-06-25 02:00:25,1,1,53774,3937800,123,3794
2026-06-25 02:00:25,1,2,4048814,54332593226,61273,1050093
2026-06-25 02:00:25,1,3,54176808982,4099238,1050587,61351
2026-06-25 02:00:28,1,1,53774,3937800,123,3794
2026-06-25 02:00:28,1,2,4048814,54332593226,61273,1050093
2026-06-25 02:00:28,1,3,54176808982,4099238,1050587,61351
2026-06-25 02:00:31,1,1,53774,3937800,123,3794
2026-06-25 02:00:31,1,2,4048814,54332593226,61273,1050093
2026-06-25 02:00:31,1,3,54176808982,4099238,1050587,61351
2026-06-25 02:00:34,1,1,53774,3937800,123,3794
2026-06-25 02:00:34,1,2,4048814,54332593226,61273,1050093
2026-06-25 02:00:34,1,3,54176808982,4099238,1050587,61351
2026-06-25 02:00:37,1,1,53774,3937800,123,3794
2026-06-25 02:00:37,1,2,4048814,54332593226,61273,1050093
2026-06-25 02:00:37,1,3,54176808982,4099238,1050587,61351
2026-06-25 02:00:40,1,1,53774,3937800,123,3794
2026-06-25 02:00:40,1,2,4048814,54332593226,61273,1050093
2026-06-25 02:00:40,1,3,54176808982,4099238,1050587,61351
2026-06-25 02:00:43,1,1,53774,3937800,123,3794
2026-06-25 02:00:43,1,2,4048814,54332593226,61273,1050093
2026-06-25 02:00:43,1,3,54176808982,4099238,1050587,61351
2026-06-25 02:00:46,1,1,53774,3937800,123,3794
2026-06-25 02:00:46,1,2,4048814,54332593226,61273,1050093
2026-06-25 02:00:46,1,3,54176809052,4099238,1050588,61351
2026-06-25 02:00:49,1,1,53774,3937800,123,3794
2026-06-25 02:00:49,1,2,4048814,54332593226,61273,1050093
2026-06-25 02:00:49,1,3,54176809052,4099238,1050588,61351
2026-06-25 02:00:52,1,1,53774,3937800,123,3794
2026-06-25 02:00:52,1,2,4048814,54332593226,61273,1050093
2026-06-25 02:00:52,1,3,54176809052,4099238,1050588,61351
2026-06-25 02:00:55,1,1,53774,3937800,123,3794
2026-06-25 02:00:55,1,2,4048814,54332593226,61273,1050093
2026-06-25 02:00:55,1,3,54176809052,4099238,1050588,61351
2026-06-25 02:00:58,1,1,53774,3937800,123,3794
2026-06-25 02:00:58,1,2,4048814,54332593226,61273,1050093
2026-06-25 02:00:58,1,3,54176809052,4099238,1050588,61351
2026-06-25 02:01:01,1,1,53774,3937800,123,3794
2026-06-25 02:01:01,1,2,4048814,54332593226,61273,1050093
2026-06-25 02:01:01,1,3,54176809052,4099238,1050588,61351
2026-06-25 02:01:04,1,1,53774,3937800,123,3794
2026-06-25 02:01:04,1,2,4048814,54332593226,61273,1050093
2026-06-25 02:01:04,1,3,54176809052,4099238,1050588,61351
2026-06-25 02:01:07,1,1,53774,3937800,123,3794
2026-06-25 02:01:07,1,2,4048814,54332593226,61273,1050093
2026-06-25 02:01:07,1,3,54176809052,4099238,1050588,61351
2026-06-25 02:01:10,1,1,53774,3937800,123,3794
2026-06-25 02:01:10,1,2,4048884,54332593226,61274,1050093
2026-06-25 02:01:10,1,3,54176809052,4099238,1050588,61351
2026-06-25 02:01:13,1,1,53774,3937800,123,3794
2026-06-25 02:01:13,1,2,4048884,54332593226,61274,1050093
2026-06-25 02:01:13,1,3,54176809052,4099238,1050588,61351
2026-06-25 02:01:16,1,1,53774,3937800,123,3794
2026-06-25 02:01:16,1,2,4048884,54332593226,61274,1050093
2026-06-25 02:01:16,1,3,54176809052,4099238,1050588,61351
2026-06-25 02:01:20,1,1,53774,3937870,123,3795
2026-06-25 02:01:20,1,2,4048954,54332593226,61275,1050093
2026-06-25 02:01:20,1,3,54176809122,4099238,1050589,61351
2026-06-25 02:01:23,1,1,53774,3937870,123,3795
2026-06-25 02:01:23,1,2,4048954,54332593226,61275,1050093
2026-06-25 02:01:23,1,3,54176809122,4099238,1050589,61351
2026-06-25 02:01:26,1,1,53774,3937870,123,3795
2026-06-25 02:01:26,1,2,4048954,54332593226,61275,1050093
2026-06-25 02:01:26,1,3,54176809122,4099238,1050589,61351
2026-06-25 02:01:29,1,1,53774,3937870,123,3795
2026-06-25 02:01:29,1,2,4048954,54332593226,61275,1050093
2026-06-25 02:01:29,1,3,54176809122,4099238,1050589,61351
2026-06-25 02:01:32,1,1,53774,3937870,123,3795
2026-06-25 02:01:32,1,2,4048954,54332593226,61275,1050093
2026-06-25 02:01:32,1,3,54176809122,4099238,1050589,61351
2026-06-25 02:01:35,1,1,53774,3937870,123,3795
2026-06-25 02:01:35,1,2,4048954,54332593226,61275,1050093
2026-06-25 02:01:35,1,3,54176809122,4099238,1050589,61351
2026-06-25 02:01:38,1,1,53774,3937870,123,3795
2026-06-25 02:01:38,1,2,4048954,54332593226,61275,1050093
2026-06-25 02:01:38,1,3,54176809122,4099238,1050589,61351
2026-06-25 02:01:41,1,1,53844,3937870,124,3795
2026-06-25 02:01:41,1,2,4049024,54332593226,61276,1050093
2026-06-25 02:01:41,1,3,54176809122,4099308,1050589,61352
2026-06-25 02:01:44,1,1,53844,3937870,124,3795
2026-06-25 02:01:44,1,2,4049024,54332593226,61276,1050093
2026-06-25 02:01:44,1,3,54176809122,4099308,1050589,61352
2026-06-25 02:01:47,1,1,53844,3937870,124,3795
2026-06-25 02:01:47,1,2,4049024,54332593226,61276,1050093
2026-06-25 02:01:47,1,3,54176809122,4099308,1050589,61352
2026-06-25 02:01:50,1,1,53844,3937870,124,3795
2026-06-25 02:01:50,1,2,4049024,54332593226,61276,1050093
2026-06-25 02:01:50,1,3,54176809122,4099308,1050589,61352
2026-06-25 02:01:53,1,1,53914,3937870,125,3795
2026-06-25 02:01:53,1,2,4049024,54332593226,61276,1050093
2026-06-25 02:01:53,1,3,54176809122,4099308,1050589,61352
2026-06-25 02:01:56,1,1,53984,3937870,126,3795
2026-06-25 02:01:56,1,2,4049024,54332593296,61276,1050094
2026-06-25 02:01:56,1,3,54176809192,4099308,1050590,61352
2026-06-25 02:01:59,1,1,53984,3937870,126,3795
2026-06-25 02:01:59,1,2,4049024,54332593296,61276,1050094
2026-06-25 02:01:59,1,3,54176809192,4099308,1050590,61352
2026-06-25 02:02:02,1,1,53984,3937870,126,3795
2026-06-25 02:02:02,1,2,4049024,54332593296,61276,1050094
2026-06-25 02:02:02,1,3,54176809192,4099308,1050590,61352
2026-06-25 02:02:05,1,1,53984,3937870,126,3795
2026-06-25 02:02:05,1,2,4049024,54332593296,61276,1050094
2026-06-25 02:02:05,1,3,54176809192,4099308,1050590,61352
2026-06-25 02:02:08,1,1,53984,3937870,126,3795
2026-06-25 02:02:08,1,2,4049024,54332593296,61276,1050094
2026-06-25 02:02:08,1,3,54176809192,4099308,1050590,61352
2026-06-25 02:02:11,1,1,53984,3937870,126,3795
2026-06-25 02:02:11,1,2,4049024,54332593296,61276,1050094
2026-06-25 02:02:11,1,3,54176809192,4099308,1050590,61352
2026-06-25 02:02:14,1,1,53984,3937870,126,3795
2026-06-25 02:02:14,1,2,4049024,54332593296,61276,1050094
2026-06-25 02:02:14,1,3,54176809192,4099308,1050590,61352
2026-06-25 02:02:17,1,1,53984,3937870,126,3795
2026-06-25 02:02:17,1,2,4049024,54332593296,61276,1050094
2026-06-25 02:02:17,1,3,54176809192,4099308,1050590,61352
2026-06-25 02:02:20,1,1,53984,3937870,126,3795
2026-06-25 02:02:20,1,2,4049024,54332593296,61276,1050094
2026-06-25 02:02:20,1,3,54176809192,4099308,1050590,61352
2026-06-25 02:02:23,1,1,53984,3937870,126,3795
2026-06-25 02:02:23,1,2,4049024,54332593296,61276,1050094
2026-06-25 02:02:23,1,3,54176809192,4099308,1050590,61352
2026-06-25 02:02:26,1,1,53984,3937870,126,3795
2026-06-25 02:02:26,1,2,4049024,54332593296,61276,1050094
2026-06-25 02:02:26,1,3,54176809192,4099308,1050590,61352
2026-06-25 02:02:29,1,1,53984,3937870,126,3795
2026-06-25 02:02:29,1,2,4049024,54332593296,61276,1050094
2026-06-25 02:02:29,1,3,54176809192,4099308,1050590,61352
2026-06-25 02:02:32,1,1,53984,3937870,126,3795
2026-06-25 02:02:32,1,2,4049024,54332593296,61276,1050094
2026-06-25 02:02:32,1,3,54176809192,4099308,1050590,61352
2026-06-25 02:02:35,1,1,53984,3937870,126,3795
2026-06-25 02:02:35,1,2,4049024,54332593296,61276,1050094
2026-06-25 02:02:35,1,3,54176809192,4099308,1050590,61352
2026-06-25 02:02:38,1,1,53984,3937870,126,3795
2026-06-25 02:02:38,1,2,4049024,54332593296,61276,1050094
2026-06-25 02:02:38,1,3,54176809192,4099308,1050590,61352
2026-06-25 02:02:41,1,1,53984,3937870,126,3795
2026-06-25 02:02:41,1,2,4049024,54332593296,61276,1050094
2026-06-25 02:02:41,1,3,54176809192,4099308,1050590,61352
2026-06-25 02:02:44,1,1,53984,3937870,126,3795
2026-06-25 02:02:44,1,2,4049024,54332593296,61276,1050094
2026-06-25 02:02:44,1,3,54176809192,4099308,1050590,61352
2026-06-25 02:02:47,1,1,53984,3937870,126,3795
2026-06-25 02:02:47,1,2,4049024,54332593296,61276,1050094
2026-06-25 02:02:47,1,3,54176809192,4099308,1050590,61352
2026-06-25 02:02:50,1,1,53984,3937870,126,3795
2026-06-25 02:02:50,1,2,4049024,54332593296,61276,1050094
2026-06-25 02:02:50,1,3,54176809192,4099308,1050590,61352
2026-06-25 02:02:53,1,1,53984,3937870,126,3795
2026-06-25 02:02:53,1,2,4049024,54332593296,61276,1050094
2026-06-25 02:02:53,1,3,54176809192,4099308,1050590,61352
2026-06-25 02:02:56,1,1,53984,3937870,126,3795
2026-06-25 02:02:56,1,2,4049024,54332593296,61276,1050094
2026-06-25 02:02:56,1,3,54176809192,4099308,1050590,61352
2026-06-25 02:02:59,1,1,53984,3937870,126,3795
2026-06-25 02:02:59,1,2,4049024,54332593296,61276,1050094
2026-06-25 02:02:59,1,3,54176809192,4099308,1050590,61352
2026-06-25 02:03:02,1,1,53984,3937870,126,3795
2026-06-25 02:03:02,1,2,4049024,54332593296,61276,1050094
2026-06-25 02:03:02,1,3,54176809192,4099308,1050590,61352
2026-06-25 02:03:05,1,1,53984,3937870,126,3795
2026-06-25 02:03:05,1,2,4049024,54332593296,61276,1050094
2026-06-25 02:03:05,1,3,54176809192,4099308,1050590,61352
2026-06-25 02:03:08,1,1,53984,3937870,126,3795
2026-06-25 02:03:08,1,2,4049024,54332593296,61276,1050094
2026-06-25 02:03:08,1,3,54176809192,4099308,1050590,61352
2026-06-25 02:03:11,1,1,53984,3937870,126,3795
2026-06-25 02:03:11,1,2,4049024,54332593296,61276,1050094
2026-06-25 02:03:11,1,3,54176809192,4099308,1050590,61352
2026-06-25 02:03:14,1,1,53984,3937870,126,3795
2026-06-25 02:03:14,1,2,4049024,54332593296,61276,1050094
2026-06-25 02:03:14,1,3,54176809192,4099308,1050590,61352
2026-06-25 02:03:17,1,1,53984,3937870,126,3795
2026-06-25 02:03:17,1,2,4049024,54332593296,61276,1050094
2026-06-25 02:03:17,1,3,54176809192,4099308,1050590,61352
2026-06-25 02:03:20,1,1,53984,3937870,126,3795
2026-06-25 02:03:20,1,2,4049024,54332593296,61276,1050094
2026-06-25 02:03:20,1,3,54176809192,4099308,1050590,61352
2026-06-25 02:03:23,1,1,53984,3937870,126,3795
2026-06-25 02:03:23,1,2,4049024,54332593296,61276,1050094
2026-06-25 02:03:23,1,3,54176809192,4099308,1050590,61352
2026-06-25 02:03:26,1,1,53984,3937870,126,3795
2026-06-25 02:03:26,1,2,4049024,54332593296,61276,1050094
2026-06-25 02:03:26,1,3,54176809192,4099308,1050590,61352
2026-06-25 02:03:29,1,1,53984,3937870,126,3795
2026-06-25 02:03:29,1,2,4049024,54332593296,61276,1050094
2026-06-25 02:03:29,1,3,54176809192,4099308,1050590,61352
2026-06-25 02:03:32,1,1,53984,3937870,126,3795
2026-06-25 02:03:32,1,2,4049024,54332593296,61276,1050094
2026-06-25 02:03:32,1,3,54176809192,4099308,1050590,61352
2026-06-25 02:03:35,1,1,53984,3937870,126,3795
2026-06-25 02:03:35,1,2,4049024,54332593296,61276,1050094
2026-06-25 02:03:35,1,3,54176809192,4099308,1050590,61352
2026-06-25 02:03:38,1,1,53984,3937870,126,3795
2026-06-25 02:03:38,1,2,4049024,54332593296,61276,1050094
2026-06-25 02:03:38,1,3,54176809192,4099308,1050590,61352
2026-06-25 02:03:41,1,1,53984,3937870,126,3795
2026-06-25 02:03:41,1,2,4049024,54332593296,61276,1050094
2026-06-25 02:03:41,1,3,54176809192,4099308,1050590,61352
2026-06-25 02:03:44,1,1,53984,3937870,126,3795
2026-06-25 02:03:44,1,2,4049024,54332593296,61276,1050094
2026-06-25 02:03:44,1,3,54176809192,4099308,1050590,61352
2026-06-25 02:03:47,1,1,53984,3937870,126,3795
2026-06-25 02:03:47,1,2,4049024,54332593296,61276,1050094
2026-06-25 02:03:47,1,3,54176809192,4099308,1050590,61352
2026-06-25 02:03:50,1,1,53984,3937870,126,3795
2026-06-25 02:03:50,1,2,4049024,54332593296,61276,1050094
2026-06-25 02:03:50,1,3,54176809192,4099308,1050590,61352
2026-06-25 02:03:53,1,1,53984,3937870,126,3795
2026-06-25 02:03:53,1,2,4049024,54332593296,61276,1050094
2026-06-25 02:03:53,1,3,54176809192,4099308,1050590,61352
2026-06-25 02:03:56,1,1,53984,3937870,126,3795
2026-06-25 02:03:56,1,2,4049024,54332593296,61276,1050094
2026-06-25 02:03:56,1,3,54176809192,4099308,1050590,61352
2026-06-25 02:03:59,1,1,53984,3937870,126,3795
2026-06-25 02:03:59,1,2,4049024,54332593296,61276,1050094
2026-06-25 02:03:59,1,3,54176809192,4099308,1050590,61352
2026-06-25 02:04:02,1,1,53984,3937870,126,3795
2026-06-25 02:04:02,1,2,4049024,54332593296,61276,1050094
2026-06-25 02:04:02,1,3,54176809192,4099308,1050590,61352
2026-06-25 02:04:05,1,1,53984,3937870,126,3795
2026-06-25 02:04:05,1,2,4049024,54332593296,61276,1050094
2026-06-25 02:04:05,1,3,54176809192,4099308,1050590,61352
2026-06-25 02:04:08,1,1,53984,3937870,126,3795
2026-06-25 02:04:08,1,2,4049024,54332593296,61276,1050094
2026-06-25 02:04:08,1,3,54176809192,4099308,1050590,61352
2026-06-25 02:04:11,1,1,53984,3937870,126,3795
2026-06-25 02:04:11,1,2,4049024,54332593296,61276,1050094
2026-06-25 02:04:11,1,3,54176809262,4099308,1050591,61352
2026-06-25 02:04:14,1,1,53984,3937870,126,3795
2026-06-25 02:04:14,1,2,4049024,54332593296,61276,1050094
2026-06-25 02:04:14,1,3,54176809262,4099308,1050591,61352
2026-06-25 02:04:17,1,1,53984,3937870,126,3795
2026-06-25 02:04:17,1,2,4049024,54332593296,61276,1050094
2026-06-25 02:04:17,1,3,54176809262,4099308,1050591,61352
2026-06-25 02:04:20,1,1,53984,3937870,126,3795
2026-06-25 02:04:20,1,2,4049024,54332593296,61276,1050094
2026-06-25 02:04:20,1,3,54176809262,4099308,1050591,61352
2026-06-25 02:04:23,1,1,53984,3937870,126,3795
2026-06-25 02:04:23,1,2,4049024,54332593296,61276,1050094
2026-06-25 02:04:23,1,3,54176809262,4099308,1050591,61352
2026-06-25 02:04:26,1,1,53984,3937870,126,3795
2026-06-25 02:04:26,1,2,4049024,54332593296,61276,1050094
2026-06-25 02:04:26,1,3,54176809262,4099308,1050591,61352
2026-06-25 02:04:29,1,1,53984,3937870,126,3795
2026-06-25 02:04:29,1,2,4049024,54332593296,61276,1050094
2026-06-25 02:04:29,1,3,54176809262,4099308,1050591,61352
2026-06-25 02:04:32,1,1,53984,3937870,126,3795
2026-06-25 02:04:32,1,2,4049024,54332593296,61276,1050094
2026-06-25 02:04:32,1,3,54176809262,4099308,1050591,61352
2026-06-25 02:04:35,1,1,53984,3937870,126,3795
2026-06-25 02:04:35,1,2,4049024,54332593296,61276,1050094
2026-06-25 02:04:35,1,3,54176809262,4099308,1050591,61352
2026-06-25 02:04:38,1,1,53984,3937870,126,3795
2026-06-25 02:04:38,1,2,4049024,54332593296,61276,1050094
2026-06-25 02:04:38,1,3,54176809262,4099308,1050591,61352
2026-06-25 02:04:41,1,1,53984,3937870,126,3795
2026-06-25 02:04:41,1,2,4049024,54332593296,61276,1050094
2026-06-25 02:04:41,1,3,54176809262,4099308,1050591,61352
2026-06-25 02:04:44,1,1,53984,3937870,126,3795
2026-06-25 02:04:44,1,2,4049024,54332593296,61276,1050094
2026-06-25 02:04:44,1,3,54176809262,4099308,1050591,61352
2026-06-25 02:04:47,1,1,53984,3937870,126,3795
2026-06-25 02:04:47,1,2,4049024,54332593296,61276,1050094
2026-06-25 02:04:47,1,3,54176809262,4099308,1050591,61352
2026-06-25 02:04:50,1,1,53984,3937870,126,3795
2026-06-25 02:04:50,1,2,4049024,54332593296,61276,1050094
2026-06-25 02:04:50,1,3,54176809262,4099308,1050591,61352
2026-06-25 02:04:53,1,1,53984,3937870,126,3795
2026-06-25 02:04:53,1,2,4049024,54332593296,61276,1050094
2026-06-25 02:04:53,1,3,54176809262,4099308,1050591,61352
2026-06-25 02:04:56,1,1,53984,3937870,126,3795
2026-06-25 02:04:56,1,2,4049024,54332593296,61276,1050094
2026-06-25 02:04:56,1,3,54176809262,4099308,1050591,61352
2026-06-25 02:04:59,1,1,53984,3937870,126,3795
2026-06-25 02:04:59,1,2,4049024,54332593296,61276,1050094
2026-06-25 02:04:59,1,3,54176809262,4099308,1050591,61352
2026-06-25 02:05:02,1,1,53984,3937870,126,3795
2026-06-25 02:05:02,1,2,4049024,54332593296,61276,1050094
2026-06-25 02:05:02,1,3,54176809262,4099308,1050591,61352
2026-06-25 02:05:05,1,1,53984,3937870,126,3795
2026-06-25 02:05:05,1,2,4049024,54332593296,61276,1050094
2026-06-25 02:05:05,1,3,54176809262,4099308,1050591,61352
2026-06-25 02:05:08,1,1,53984,3937870,126,3795
2026-06-25 02:05:08,1,2,4049024,54332593296,61276,1050094
2026-06-25 02:05:08,1,3,54176809262,4099308,1050591,61352
2026-06-25 02:05:11,1,1,53984,3937870,126,3795
2026-06-25 02:05:11,1,2,4049024,54332593296,61276,1050094
2026-06-25 02:05:11,1,3,54176809262,4099308,1050591,61352
2026-06-25 02:05:14,1,1,53984,3937870,126,3795
2026-06-25 02:05:14,1,2,4049024,54332593296,61276,1050094
2026-06-25 02:05:14,1,3,54176809262,4099308,1050591,61352
2026-06-25 02:05:17,1,1,53984,3937870,126,3795
2026-06-25 02:05:17,1,2,4049024,54332593296,61276,1050094
2026-06-25 02:05:17,1,3,54176809262,4099308,1050591,61352
2026-06-25 02:05:20,1,1,53984,3937870,126,3795
2026-06-25 02:05:20,1,2,4049024,54332593296,61276,1050094
2026-06-25 02:05:20,1,3,54176809262,4099308,1050591,61352
2026-06-25 02:05:23,1,1,53984,3937870,126,3795
2026-06-25 02:05:23,1,2,4049094,54332593296,61277,1050094
2026-06-25 02:05:23,1,3,54176809262,4099308,1050591,61352
2026-06-25 02:05:26,1,1,53984,3937870,126,3795
2026-06-25 02:05:26,1,2,4049094,54332593296,61277,1050094
2026-06-25 02:05:26,1,3,54176809262,4099308,1050591,61352
2026-06-25 02:05:29,1,1,53984,3937940,126,3796
2026-06-25 02:05:29,1,2,4049164,54332593296,61278,1050094
2026-06-25 02:05:29,1,3,54176809332,4099308,1050592,61352
2026-06-25 02:05:32,1,1,53984,3937940,126,3796
2026-06-25 02:05:32,1,2,4049164,54332593296,61278,1050094
2026-06-25 02:05:32,1,3,54176809332,4099308,1050592,61352
2026-06-25 02:05:35,1,1,53984,3937940,126,3796
2026-06-25 02:05:35,1,2,4049164,54332593296,61278,1050094
2026-06-25 02:05:35,1,3,54176809332,4099308,1050592,61352
2026-06-25 02:05:38,1,1,53984,3937940,126,3796
2026-06-25 02:05:38,1,2,4049164,54332593296,61278,1050094
2026-06-25 02:05:38,1,3,54176809332,4099308,1050592,61352
2026-06-25 02:05:41,1,1,53984,3937940,126,3796
2026-06-25 02:05:41,1,2,4049164,54332593296,61278,1050094
2026-06-25 02:05:41,1,3,54176809332,4099308,1050592,61352
2026-06-25 02:05:44,1,1,53984,3937940,126,3796
2026-06-25 02:05:44,1,2,4049164,54332593296,61278,1050094
2026-06-25 02:05:44,1,3,54176809332,4099308,1050592,61352
2026-06-25 02:05:47,1,1,53984,3937940,126,3796
2026-06-25 02:05:47,1,2,4049164,54332593296,61278,1050094
2026-06-25 02:05:47,1,3,54176809332,4099308,1050592,61352
2026-06-25 02:05:50,1,1,53984,3937940,126,3796
2026-06-25 02:05:50,1,2,4049164,54332593296,61278,1050094
2026-06-25 02:05:50,1,3,54176809332,4099308,1050592,61352
2026-06-25 02:05:53,1,1,53984,3937940,126,3796
2026-06-25 02:05:53,1,2,4049164,54332593296,61278,1050094
2026-06-25 02:05:53,1,3,54176809332,4099308,1050592,61352
2026-06-25 02:05:56,1,1,53984,3937940,126,3796
2026-06-25 02:05:56,1,2,4049164,54332593296,61278,1050094
2026-06-25 02:05:56,1,3,54176809332,4099308,1050592,61352
2026-06-25 02:05:59,1,1,53984,3937940,126,3796
2026-06-25 02:05:59,1,2,4049164,54332593296,61278,1050094
2026-06-25 02:05:59,1,3,54176809332,4099308,1050592,61352
2026-06-25 02:06:02,1,1,54054,3937940,127,3796
2026-06-25 02:06:02,1,2,4049234,54332593296,61279,1050094
2026-06-25 02:06:02,1,3,54176809332,4099378,1050592,61353
2026-06-25 02:06:05,1,1,54054,3937940,127,3796
2026-06-25 02:06:05,1,2,4049234,54332593296,61279,1050094
2026-06-25 02:06:05,1,3,54176809332,4099378,1050592,61353
2026-06-25 02:06:08,1,1,54054,3937940,127,3796
2026-06-25 02:06:08,1,2,4049234,54332593296,61279,1050094
2026-06-25 02:06:08,1,3,54176809332,4099378,1050592,61353
2026-06-25 02:06:11,1,1,54054,3937940,127,3796
2026-06-25 02:06:11,1,2,4049234,54332593296,61279,1050094
2026-06-25 02:06:11,1,3,54176809332,4099378,1050592,61353
2026-06-25 02:06:14,1,1,54054,3937940,127,3796
2026-06-25 02:06:14,1,2,4049234,54332593296,61279,1050094
2026-06-25 02:06:14,1,3,54176809332,4099378,1050592,61353
2026-06-25 02:06:17,1,1,54054,3937940,127,3796
2026-06-25 02:06:17,1,2,4049234,54332593296,61279,1050094
2026-06-25 02:06:17,1,3,54176809332,4099378,1050592,61353
2026-06-25 02:06:20,1,1,54054,3937940,127,3796
2026-06-25 02:06:20,1,2,4049234,54332593296,61279,1050094
2026-06-25 02:06:20,1,3,54176809332,4099378,1050592,61353
2026-06-25 02:06:23,1,1,54054,3937940,127,3796
2026-06-25 02:06:23,1,2,4049234,54332593296,61279,1050094
2026-06-25 02:06:23,1,3,54176809332,4099378,1050592,61353
2026-06-25 02:06:26,1,1,54054,3937940,127,3796
2026-06-25 02:06:26,1,2,4049234,54332593296,61279,1050094
2026-06-25 02:06:26,1,3,54176809332,4099378,1050592,61353
2026-06-25 02:06:29,1,1,54054,3937940,127,3796
2026-06-25 02:06:29,1,2,4049234,54332593296,61279,1050094
2026-06-25 02:06:29,1,3,54176809332,4099378,1050592,61353
2026-06-25 02:06:32,1,1,54054,3937940,127,3796
2026-06-25 02:06:32,1,2,4049234,54332593296,61279,1050094
2026-06-25 02:06:32,1,3,54176809332,4099378,1050592,61353
2026-06-25 02:06:35,1,1,54124,3937940,128,3796
2026-06-25 02:06:35,1,2,4049234,54332593296,61279,1050094
2026-06-25 02:06:35,1,3,54176809332,4099378,1050592,61353
2026-06-25 02:06:38,1,1,54124,3937940,128,3796
2026-06-25 02:06:38,1,2,4049234,54332593296,61279,1050094
2026-06-25 02:06:38,1,3,54176809332,4099378,1050592,61353
2026-06-25 02:06:41,1,1,54124,3937940,128,3796
2026-06-25 02:06:41,1,2,4049234,54332593296,61279,1050094
2026-06-25 02:06:41,1,3,54176809332,4099378,1050592,61353
2026-06-25 02:06:44,1,1,54124,3937940,128,3796
2026-06-25 02:06:44,1,2,4049234,54332593296,61279,1050094
2026-06-25 02:06:44,1,3,54176809332,4099378,1050592,61353
2026-06-25 02:06:47,1,1,54124,3937940,128,3796
2026-06-25 02:06:47,1,2,4049234,54332593296,61279,1050094
2026-06-25 02:06:47,1,3,54176809332,4099378,1050592,61353
2026-06-25 02:06:50,1,1,54124,3937940,128,3796
2026-06-25 02:06:50,1,2,4049234,54332593296,61279,1050094
2026-06-25 02:06:50,1,3,54176809332,4099378,1050592,61353
2026-06-25 02:06:53,1,1,54124,3937940,128,3796
2026-06-25 02:06:53,1,2,4049234,54332593296,61279,1050094
2026-06-25 02:06:53,1,3,54176809332,4099378,1050592,61353
2026-06-25 02:06:56,1,1,54124,3937940,128,3796
2026-06-25 02:06:56,1,2,4049234,54332593296,61279,1050094
2026-06-25 02:06:56,1,3,54176809332,4099378,1050592,61353
2026-06-25 02:06:59,1,1,54124,3937940,128,3796
2026-06-25 02:06:59,1,2,4049234,54332593296,61279,1050094
2026-06-25 02:06:59,1,3,54176809332,4099378,1050592,61353
2026-06-25 02:07:02,1,1,54124,3937940,128,3796
2026-06-25 02:07:02,1,2,4049234,54332593296,61279,1050094
2026-06-25 02:07:02,1,3,54176809332,4099378,1050592,61353
2026-06-25 02:07:05,1,1,54124,3937940,128,3796
2026-06-25 02:07:05,1,2,4049234,54332593296,61279,1050094
2026-06-25 02:07:05,1,3,54176809332,4099378,1050592,61353
2026-06-25 02:07:08,1,1,54194,3937940,129,3796
2026-06-25 02:07:08,1,2,4049234,54332593366,61279,1050095
2026-06-25 02:07:08,1,3,54176809402,4099378,1050593,61353
2026-06-25 02:07:11,1,1,54194,3937940,129,3796
2026-06-25 02:07:11,1,2,4049234,54332593366,61279,1050095
2026-06-25 02:07:11,1,3,54176809402,4099378,1050593,61353
2026-06-25 02:07:14,1,1,54194,3937940,129,3796
2026-06-25 02:07:14,1,2,4049234,54332593366,61279,1050095
2026-06-25 02:07:14,1,3,54176809402,4099378,1050593,61353
2026-06-25 02:07:17,1,1,54194,3937940,129,3796
2026-06-25 02:07:17,1,2,4049234,54332593366,61279,1050095
2026-06-25 02:07:17,1,3,54176809402,4099378,1050593,61353
2026-06-25 02:07:20,1,1,54194,3937940,129,3796
2026-06-25 02:07:20,1,2,4049234,54332593366,61279,1050095
2026-06-25 02:07:20,1,3,54176809402,4099378,1050593,61353
2026-06-25 02:07:23,1,1,54194,3937940,129,3796
2026-06-25 02:07:23,1,2,4049234,54332593366,61279,1050095
2026-06-25 02:07:23,1,3,54176809402,4099378,1050593,61353
2026-06-25 02:07:26,1,1,54194,3937940,129,3796
2026-06-25 02:07:26,1,2,4049234,54332593366,61279,1050095
2026-06-25 02:07:26,1,3,54176809402,4099378,1050593,61353
2026-06-25 02:07:29,1,1,54194,3937940,129,3796
2026-06-25 02:07:29,1,2,4049234,54332593366,61279,1050095
2026-06-25 02:07:29,1,3,54176809402,4099378,1050593,61353
2026-06-25 02:07:32,1,1,54194,3937940,129,3796
2026-06-25 02:07:32,1,2,4049234,54332593366,61279,1050095
2026-06-25 02:07:32,1,3,54176809402,4099378,1050593,61353
2026-06-25 02:07:35,1,1,54194,3937940,129,3796
2026-06-25 02:07:35,1,2,4049234,54332593366,61279,1050095
2026-06-25 02:07:35,1,3,54176809402,4099378,1050593,61353
2026-06-25 02:07:38,1,1,54194,3937940,129,3796
2026-06-25 02:07:38,1,2,4049234,54332593366,61279,1050095
2026-06-25 02:07:38,1,3,54176809402,4099378,1050593,61353
2026-06-25 02:07:41,1,1,54194,3937940,129,3796
2026-06-25 02:07:41,1,2,4049234,54332593366,61279,1050095
2026-06-25 02:07:41,1,3,54176809402,4099378,1050593,61353
2026-06-25 02:07:44,1,1,54194,3937940,129,3796
2026-06-25 02:07:44,1,2,4049234,54332593366,61279,1050095
2026-06-25 02:07:44,1,3,54176809402,4099378,1050593,61353
2026-06-25 02:07:47,1,1,54194,3937940,129,3796
2026-06-25 02:07:47,1,2,4049234,54332593366,61279,1050095
2026-06-25 02:07:47,1,3,54176809402,4099378,1050593,61353
2026-06-25 02:07:50,1,1,54194,3937940,129,3796
2026-06-25 02:07:50,1,2,4049234,54332593366,61279,1050095
2026-06-25 02:07:50,1,3,54176809402,4099378,1050593,61353
2026-06-25 02:07:53,1,1,54194,3937940,129,3796
2026-06-25 02:07:53,1,2,4049234,54332593366,61279,1050095
2026-06-25 02:07:53,1,3,54176809402,4099378,1050593,61353
2026-06-25 02:07:56,1,1,54194,3937940,129,3796
2026-06-25 02:07:56,1,2,4049234,54332593366,61279,1050095
2026-06-25 02:07:56,1,3,54176809402,4099378,1050593,61353
2026-06-25 02:07:59,1,1,54194,3937940,129,3796
2026-06-25 02:07:59,1,2,4049234,54332593366,61279,1050095
2026-06-25 02:07:59,1,3,54176809402,4099378,1050593,61353
2026-06-25 02:08:02,1,1,54194,3937940,129,3796
2026-06-25 02:08:02,1,2,4049234,54332593366,61279,1050095
2026-06-25 02:08:02,1,3,54176809402,4099378,1050593,61353
2026-06-25 02:08:05,1,1,54194,3937940,129,3796
2026-06-25 02:08:05,1,2,4049234,54332593366,61279,1050095
2026-06-25 02:08:05,1,3,54176809402,4099378,1050593,61353
2026-06-25 02:08:08,1,1,54194,3937940,129,3796
2026-06-25 02:08:08,1,2,4049234,54332593366,61279,1050095
2026-06-25 02:08:08,1,3,54176809402,4099378,1050593,61353
2026-06-25 02:08:11,1,1,54194,3937940,129,3796
2026-06-25 02:08:11,1,2,4049234,54332593366,61279,1050095
2026-06-25 02:08:11,1,3,54176809402,4099378,1050593,61353
2026-06-25 02:08:14,1,1,54194,3937940,129,3796
2026-06-25 02:08:14,1,2,4049234,54332593366,61279,1050095
2026-06-25 02:08:14,1,3,54176809402,4099378,1050593,61353
2026-06-25 02:08:17,1,1,54194,3937940,129,3796
2026-06-25 02:08:17,1,2,4049234,54332593366,61279,1050095
2026-06-25 02:08:17,1,3,54176809402,4099378,1050593,61353
2026-06-25 02:08:20,1,1,54194,3937940,129,3796
2026-06-25 02:08:20,1,2,4049234,54332593366,61279,1050095
2026-06-25 02:08:20,1,3,54176809402,4099378,1050593,61353
2026-06-25 02:08:23,1,1,54194,3937940,129,3796
2026-06-25 02:08:23,1,2,4049234,54332593366,61279,1050095
2026-06-25 02:08:23,1,3,54176809402,4099378,1050593,61353
2026-06-25 02:08:26,1,1,54194,3937940,129,3796
2026-06-25 02:08:26,1,2,4049234,54332593366,61279,1050095
2026-06-25 02:08:26,1,3,54176809402,4099378,1050593,61353
2026-06-25 02:08:29,1,1,54194,3937940,129,3796
2026-06-25 02:08:29,1,2,4049234,54332593366,61279,1050095
2026-06-25 02:08:29,1,3,54176809402,4099378,1050593,61353
2026-06-25 02:08:32,1,1,54194,3937940,129,3796
2026-06-25 02:08:32,1,2,4049234,54332593366,61279,1050095
2026-06-25 02:08:32,1,3,54176809402,4099378,1050593,61353
2026-06-25 02:08:35,1,1,54194,3937940,129,3796
2026-06-25 02:08:35,1,2,4049234,54332593366,61279,1050095
2026-06-25 02:08:35,1,3,54176809402,4099378,1050593,61353
2026-06-25 02:08:38,1,1,54194,3937940,129,3796
2026-06-25 02:08:38,1,2,4049234,54332593366,61279,1050095
2026-06-25 02:08:38,1,3,54176809402,4099378,1050593,61353
2026-06-25 02:08:41,1,1,54194,3937940,129,3796
2026-06-25 02:08:41,1,2,4049234,54332593366,61279,1050095
2026-06-25 02:08:41,1,3,54176809402,4099378,1050593,61353
2026-06-25 02:08:44,1,1,54194,3937940,129,3796
2026-06-25 02:08:44,1,2,4049234,54332593366,61279,1050095
2026-06-25 02:08:44,1,3,54176809402,4099378,1050593,61353
2026-06-25 02:08:47,1,1,54194,3937940,129,3796
2026-06-25 02:08:47,1,2,4049234,54332593366,61279,1050095
2026-06-25 02:08:47,1,3,54176809402,4099378,1050593,61353
2026-06-25 02:08:50,1,1,54194,3937940,129,3796
2026-06-25 02:08:50,1,2,4049234,54332593366,61279,1050095
2026-06-25 02:08:50,1,3,54176809402,4099378,1050593,61353
2026-06-25 02:08:53,1,1,54194,3937940,129,3796
2026-06-25 02:08:53,1,2,4049234,54332593366,61279,1050095
2026-06-25 02:08:53,1,3,54176809402,4099378,1050593,61353
2026-06-25 02:08:56,1,1,54194,3937940,129,3796
2026-06-25 02:08:56,1,2,4049234,54332593366,61279,1050095
2026-06-25 02:08:56,1,3,54176809402,4099378,1050593,61353
2026-06-25 02:08:59,1,1,54194,3937940,129,3796
2026-06-25 02:08:59,1,2,4049234,54332593366,61279,1050095
2026-06-25 02:08:59,1,3,54176809402,4099378,1050593,61353
2026-06-25 02:09:02,1,1,54194,3937940,129,3796
2026-06-25 02:09:02,1,2,4049234,54332593366,61279,1050095
2026-06-25 02:09:02,1,3,54176809402,4099378,1050593,61353
2026-06-25 02:09:05,1,1,54194,3937940,129,3796
2026-06-25 02:09:05,1,2,4049234,54332593366,61279,1050095
2026-06-25 02:09:05,1,3,54176809402,4099378,1050593,61353
2026-06-25 02:09:08,1,1,54194,3937940,129,3796
2026-06-25 02:09:08,1,2,4049234,54332593366,61279,1050095
2026-06-25 02:09:08,1,3,54176809402,4099378,1050593,61353
2026-06-25 02:09:11,1,1,54194,3937940,129,3796
2026-06-25 02:09:11,1,2,4049234,54332593366,61279,1050095
2026-06-25 02:09:11,1,3,54176809402,4099378,1050593,61353
2026-06-25 02:09:14,1,1,54194,3937940,129,3796
2026-06-25 02:09:14,1,2,4049234,54332593366,61279,1050095
2026-06-25 02:09:14,1,3,54176809402,4099378,1050593,61353
2026-06-25 02:09:17,1,1,54194,3937940,129,3796
2026-06-25 02:09:17,1,2,4049234,54332593366,61279,1050095
2026-06-25 02:09:17,1,3,54176809402,4099378,1050593,61353
2026-06-25 02:09:20,1,1,54194,3937940,129,3796
2026-06-25 02:09:20,1,2,4049234,54332593366,61279,1050095
2026-06-25 02:09:20,1,3,54176809402,4099378,1050593,61353
2026-06-25 02:09:23,1,1,54194,3937940,129,3796
2026-06-25 02:09:23,1,2,4049234,54332593366,61279,1050095
2026-06-25 02:09:23,1,3,54176809402,4099378,1050593,61353
2026-06-25 02:09:26,1,1,54194,3937940,129,3796
2026-06-25 02:09:26,1,2,4049234,54332593366,61279,1050095
2026-06-25 02:09:26,1,3,54176809402,4099378,1050593,61353
2026-06-25 02:09:29,1,1,54194,3937940,129,3796
2026-06-25 02:09:29,1,2,4049234,54332593366,61279,1050095
2026-06-25 02:09:29,1,3,54176809402,4099378,1050593,61353
2026-06-25 02:09:32,1,1,54194,3937940,129,3796
2026-06-25 02:09:32,1,2,4049234,54332593366,61279,1050095
2026-06-25 02:09:32,1,3,54176809402,4099378,1050593,61353
2026-06-25 02:09:35,1,1,54194,3937940,129,3796
2026-06-25 02:09:35,1,2,4049234,54332593366,61279,1050095
2026-06-25 02:09:35,1,3,54176809402,4099378,1050593,61353
2026-06-25 02:09:38,1,1,54194,3937940,129,3796
2026-06-25 02:09:38,1,2,4049234,54332593366,61279,1050095
2026-06-25 02:09:38,1,3,54176809402,4099378,1050593,61353
2026-06-25 02:09:41,1,1,54194,3937940,129,3796
2026-06-25 02:09:41,1,2,4049234,54332593366,61279,1050095
2026-06-25 02:09:41,1,3,54176809402,4099378,1050593,61353
2026-06-25 02:09:44,1,1,54194,3937940,129,3796
2026-06-25 02:09:44,1,2,4049234,54332593366,61279,1050095
2026-06-25 02:09:44,1,3,54176809402,4099378,1050593,61353
2026-06-25 02:09:47,1,1,54194,3937940,129,3796
2026-06-25 02:09:47,1,2,4049234,54332593366,61279,1050095
2026-06-25 02:09:47,1,3,54176809402,4099378,1050593,61353
2026-06-25 02:09:50,1,1,54194,3937940,129,3796
2026-06-25 02:09:50,1,2,4049234,54332593366,61279,1050095
2026-06-25 02:09:50,1,3,54176809402,4099378,1050593,61353
2026-06-25 02:09:53,1,1,54194,3937940,129,3796
2026-06-25 02:09:53,1,2,4049234,54332593366,61279,1050095
2026-06-25 02:09:53,1,3,54176809402,4099378,1050593,61353
2026-06-25 02:09:56,1,1,54194,3937940,129,3796
2026-06-25 02:09:56,1,2,4049234,54332593366,61279,1050095
2026-06-25 02:09:56,1,3,54176809402,4099378,1050593,61353
2026-06-25 02:09:59,1,1,54194,3937940,129,3796
2026-06-25 02:09:59,1,2,4049234,54332593366,61279,1050095
2026-06-25 02:09:59,1,3,54176809402,4099378,1050593,61353
2026-06-25 02:10:02,1,1,54194,3937940,129,3796
2026-06-25 02:10:02,1,2,4049234,54332593366,61279,1050095
2026-06-25 02:10:02,1,3,54176809402,4099378,1050593,61353
2026-06-25 02:10:05,1,1,54194,3937940,129,3796
2026-06-25 02:10:05,1,2,4049234,54332593366,61279,1050095
2026-06-25 02:10:05,1,3,54176809402,4099378,1050593,61353
2026-06-25 02:10:08,1,1,54194,3937940,129,3796
2026-06-25 02:10:08,1,2,4049234,54332593366,61279,1050095
2026-06-25 02:10:08,1,3,54176809402,4099378,1050593,61353
2026-06-25 02:10:11,1,1,54194,3937940,129,3796
2026-06-25 02:10:11,1,2,4049234,54332593366,61279,1050095
2026-06-25 02:10:11,1,3,54176809402,4099378,1050593,61353
2026-06-25 02:10:14,1,1,54194,3937940,129,3796
2026-06-25 02:10:14,1,2,4049234,54332593366,61279,1050095
2026-06-25 02:10:14,1,3,54176809402,4099378,1050593,61353
2026-06-25 02:10:17,1,1,54194,3937940,129,3796
2026-06-25 02:10:17,1,2,4049234,54332593366,61279,1050095
2026-06-25 02:10:17,1,3,54176809402,4099378,1050593,61353
2026-06-25 02:10:20,1,1,54194,3937940,129,3796
2026-06-25 02:10:20,1,2,4049234,54332593366,61279,1050095
2026-06-25 02:10:20,1,3,54176809402,4099378,1050593,61353
2026-06-25 02:10:23,1,1,54194,3937940,129,3796
2026-06-25 02:10:23,1,2,4049234,54332593366,61279,1050095
2026-06-25 02:10:23,1,3,54176809402,4099378,1050593,61353
2026-06-25 02:10:26,1,1,54194,3937940,129,3796
2026-06-25 02:10:26,1,2,4049234,54332593366,61279,1050095
2026-06-25 02:10:26,1,3,54176809402,4099378,1050593,61353
2026-06-25 02:10:29,1,1,54194,3937940,129,3796
2026-06-25 02:10:29,1,2,4049234,54332593366,61279,1050095
2026-06-25 02:10:29,1,3,54176809402,4099378,1050593,61353
2026-06-25 02:10:32,1,1,54194,3937940,129,3796
2026-06-25 02:10:32,1,2,4049234,54332593366,61279,1050095
2026-06-25 02:10:32,1,3,54176809402,4099378,1050593,61353
2026-06-25 02:10:35,1,1,54194,3937940,129,3796
2026-06-25 02:10:35,1,2,4049234,54332593366,61279,1050095
2026-06-25 02:10:35,1,3,54176809402,4099378,1050593,61353
2026-06-25 02:10:38,1,1,54194,3937940,129,3796
2026-06-25 02:10:38,1,2,4049234,54332593366,61279,1050095
2026-06-25 02:10:38,1,3,54176809402,4099378,1050593,61353
2026-06-25 02:10:41,1,1,54194,3937940,129,3796
2026-06-25 02:10:41,1,2,4049234,54332593366,61279,1050095
2026-06-25 02:10:41,1,3,54176809402,4099378,1050593,61353
2026-06-25 02:10:44,1,1,54194,3937940,129,3796
2026-06-25 02:10:44,1,2,4049234,54332593366,61279,1050095
2026-06-25 02:10:44,1,3,54176809402,4099378,1050593,61353
2026-06-25 02:10:47,1,1,54194,3937940,129,3796
2026-06-25 02:10:47,1,2,4049234,54332593366,61279,1050095
2026-06-25 02:10:47,1,3,54176809402,4099378,1050593,61353
2026-06-25 02:10:50,1,1,54194,3937940,129,3796
2026-06-25 02:10:50,1,2,4049234,54332593366,61279,1050095
2026-06-25 02:10:50,1,3,54176809402,4099378,1050593,61353
2026-06-25 02:10:53,1,1,54194,3937940,129,3796
2026-06-25 02:10:53,1,2,4049234,54332593366,61279,1050095
2026-06-25 02:10:53,1,3,54176809402,4099378,1050593,61353
2026-06-25 02:10:56,1,1,54194,3937940,129,3796
2026-06-25 02:10:56,1,2,4049234,54332593366,61279,1050095
2026-06-25 02:10:56,1,3,54176809402,4099378,1050593,61353
2026-06-25 02:10:59,1,1,54194,3937940,129,3796
2026-06-25 02:10:59,1,2,4049234,54332593366,61279,1050095
2026-06-25 02:10:59,1,3,54176809402,4099378,1050593,61353
2026-06-25 02:11:02,1,1,54194,3937940,129,3796
2026-06-25 02:11:02,1,2,4049234,54332593366,61279,1050095
2026-06-25 02:11:02,1,3,54176809402,4099378,1050593,61353
2026-06-25 02:11:05,1,1,54194,3937940,129,3796
2026-06-25 02:11:05,1,2,4049234,54332593366,61279,1050095
2026-06-25 02:11:05,1,3,54176809402,4099378,1050593,61353
2026-06-25 02:11:08,1,1,54194,3937940,129,3796
2026-06-25 02:11:08,1,2,4049234,54332593366,61279,1050095
2026-06-25 02:11:08,1,3,54176809402,4099378,1050593,61353
2026-06-25 02:11:11,1,1,54194,3937940,129,3796
2026-06-25 02:11:11,1,2,4049234,54332593366,61279,1050095
2026-06-25 02:11:11,1,3,54176809402,4099378,1050593,61353
2026-06-25 02:11:14,1,1,54194,3937940,129,3796
2026-06-25 02:11:14,1,2,4049234,54332593366,61279,1050095
2026-06-25 02:11:14,1,3,54176809402,4099378,1050593,61353
2026-06-25 02:11:17,1,1,54194,3937940,129,3796
2026-06-25 02:11:17,1,2,4049234,54332593366,61279,1050095
2026-06-25 02:11:17,1,3,54176809402,4099378,1050593,61353
2026-06-25 02:11:20,1,1,54194,3937940,129,3796
2026-06-25 02:11:20,1,2,4049234,54332593366,61279,1050095
2026-06-25 02:11:20,1,3,54176809402,4099378,1050593,61353
2026-06-25 02:11:23,1,1,54194,3937940,129,3796
2026-06-25 02:11:23,1,2,4049234,54332593366,61279,1050095
2026-06-25 02:11:23,1,3,54176809402,4099378,1050593,61353
2026-06-25 02:11:26,1,1,54194,3937940,129,3796
2026-06-25 02:11:26,1,2,4049234,54332593366,61279,1050095
2026-06-25 02:11:26,1,3,54176809402,4099378,1050593,61353
2026-06-25 02:11:29,1,1,54194,3937940,129,3796
2026-06-25 02:11:29,1,2,4049234,54332593366,61279,1050095
2026-06-25 02:11:29,1,3,54176809472,4099378,1050594,61353
2026-06-25 02:11:32,1,1,54194,3937940,129,3796
2026-06-25 02:11:32,1,2,4049234,54332593366,61279,1050095
2026-06-25 02:11:32,1,3,54176809472,4099378,1050594,61353
2026-06-25 02:11:35,1,1,54194,3937940,129,3796
2026-06-25 02:11:35,1,2,4049234,54332593366,61279,1050095
2026-06-25 02:11:35,1,3,54176809472,4099378,1050594,61353
2026-06-25 02:11:38,1,1,54194,3937940,129,3796
2026-06-25 02:11:38,1,2,4049234,54332593366,61279,1050095
2026-06-25 02:11:38,1,3,54176809472,4099378,1050594,61353
2026-06-25 02:11:41,1,1,54194,3937940,129,3796
2026-06-25 02:11:41,1,2,4049234,54332593366,61279,1050095
2026-06-25 02:11:41,1,3,54176809472,4099378,1050594,61353
2026-06-25 02:11:44,1,1,54194,3937940,129,3796
2026-06-25 02:11:44,1,2,4049234,54332593366,61279,1050095
2026-06-25 02:11:44,1,3,54176809472,4099378,1050594,61353
2026-06-25 02:11:47,1,1,54194,3937940,129,3796
2026-06-25 02:11:47,1,2,4049234,54332593366,61279,1050095
2026-06-25 02:11:47,1,3,54176809472,4099378,1050594,61353
2026-06-25 02:11:50,1,1,54194,3937940,129,3796
2026-06-25 02:11:50,1,2,4049234,54332593366,61279,1050095
2026-06-25 02:11:50,1,3,54176809472,4099378,1050594,61353
2026-06-25 02:11:53,1,1,54194,3937940,129,3796
2026-06-25 02:11:53,1,2,4049234,54332593366,61279,1050095
2026-06-25 02:11:53,1,3,54176809472,4099378,1050594,61353
2026-06-25 02:11:56,1,1,54194,3937940,129,3796
2026-06-25 02:11:56,1,2,4049234,54332593366,61279,1050095
2026-06-25 02:11:56,1,3,54176809472,4099378,1050594,61353
2026-06-25 02:11:59,1,1,54194,3937940,129,3796
2026-06-25 02:11:59,1,2,4049234,54332593366,61279,1050095
2026-06-25 02:11:59,1,3,54176809472,4099378,1050594,61353
2026-06-25 02:12:02,1,1,54194,3937940,129,3796
2026-06-25 02:12:02,1,2,4049234,54332593366,61279,1050095
2026-06-25 02:12:02,1,3,54176809472,4099378,1050594,61353
2026-06-25 02:12:05,1,1,54194,3937940,129,3796
2026-06-25 02:12:05,1,2,4049234,54332593366,61279,1050095
2026-06-25 02:12:05,1,3,54176809472,4099378,1050594,61353
2026-06-25 02:12:08,1,1,54194,3937940,129,3796
2026-06-25 02:12:08,1,2,4049234,54332593366,61279,1050095
2026-06-25 02:12:08,1,3,54176809472,4099378,1050594,61353
2026-06-25 02:12:11,1,1,54194,3937940,129,3796
2026-06-25 02:12:11,1,2,4049234,54332593366,61279,1050095
2026-06-25 02:12:11,1,3,54176809472,4099378,1050594,61353
2026-06-25 02:12:14,1,1,54194,3937940,129,3796
2026-06-25 02:12:14,1,2,4049234,54332593366,61279,1050095
2026-06-25 02:12:14,1,3,54176809472,4099378,1050594,61353
2026-06-25 02:12:17,1,1,54194,3937940,129,3796
2026-06-25 02:12:17,1,2,4049234,54332593366,61279,1050095
2026-06-25 02:12:17,1,3,54176809472,4099378,1050594,61353
2026-06-25 02:12:20,1,1,54194,3937940,129,3796
2026-06-25 02:12:20,1,2,4049234,54332593366,61279,1050095
2026-06-25 02:12:20,1,3,54176809472,4099378,1050594,61353
2026-06-25 02:12:23,1,1,54194,3937940,129,3796
2026-06-25 02:12:23,1,2,4049234,54332593366,61279,1050095
2026-06-25 02:12:23,1,3,54176809472,4099378,1050594,61353
2026-06-25 02:12:26,1,1,54194,3937940,129,3796
2026-06-25 02:12:26,1,2,4049234,54332593366,61279,1050095
2026-06-25 02:12:26,1,3,54176809472,4099378,1050594,61353
2026-06-25 02:12:29,1,1,54194,3937940,129,3796
2026-06-25 02:12:29,1,2,4049234,54332593366,61279,1050095
2026-06-25 02:12:29,1,3,54176809472,4099378,1050594,61353
2026-06-25 02:12:32,1,1,54194,3937940,129,3796
2026-06-25 02:12:32,1,2,4049234,54332593366,61279,1050095
2026-06-25 02:12:32,1,3,54176809472,4099378,1050594,61353
2026-06-25 02:12:35,1,1,54194,3937940,129,3796
2026-06-25 02:12:35,1,2,4049234,54332593366,61279,1050095
2026-06-25 02:12:35,1,3,54176809472,4099378,1050594,61353
2026-06-25 02:12:38,1,1,54194,3937940,129,3796
2026-06-25 02:12:38,1,2,4049234,54332593366,61279,1050095
2026-06-25 02:12:38,1,3,54176809472,4099378,1050594,61353
2026-06-25 02:12:41,1,1,54194,3937940,129,3796
2026-06-25 02:12:41,1,2,4049234,54332593366,61279,1050095
2026-06-25 02:12:41,1,3,54176809472,4099378,1050594,61353
2026-06-25 02:12:44,1,1,54194,3937940,129,3796
2026-06-25 02:12:44,1,2,4049234,54332593366,61279,1050095
2026-06-25 02:12:44,1,3,54176809472,4099378,1050594,61353
2026-06-25 02:12:47,1,1,54194,3937940,129,3796
2026-06-25 02:12:47,1,2,4049234,54332593366,61279,1050095
2026-06-25 02:12:47,1,3,54176809472,4099378,1050594,61353
2026-06-25 02:12:50,1,1,54194,3937940,129,3796
2026-06-25 02:12:50,1,2,4049234,54332593366,61279,1050095
2026-06-25 02:12:50,1,3,54176809472,4099378,1050594,61353
2026-06-25 02:12:53,1,1,54194,3937940,129,3796
2026-06-25 02:12:53,1,2,4049234,54332593366,61279,1050095
2026-06-25 02:12:53,1,3,54176809472,4099378,1050594,61353
2026-06-25 02:12:56,1,1,54194,3937940,129,3796
2026-06-25 02:12:56,1,2,4049234,54332593366,61279,1050095
2026-06-25 02:12:56,1,3,54176809472,4099378,1050594,61353
2026-06-25 02:12:59,1,1,54194,3937940,129,3796
2026-06-25 02:12:59,1,2,4049234,54332593366,61279,1050095
2026-06-25 02:12:59,1,3,54176809472,4099378,1050594,61353
2026-06-25 02:13:02,1,1,54194,3937940,129,3796
2026-06-25 02:13:02,1,2,4049234,54332593366,61279,1050095
2026-06-25 02:13:02,1,3,54176809472,4099378,1050594,61353
2026-06-25 02:13:05,1,1,54194,3937940,129,3796
2026-06-25 02:13:05,1,2,4049234,54332593366,61279,1050095
2026-06-25 02:13:05,1,3,54176809472,4099378,1050594,61353
2026-06-25 02:13:08,1,1,54194,3937940,129,3796
2026-06-25 02:13:08,1,2,4049234,54332593366,61279,1050095
2026-06-25 02:13:08,1,3,54176809472,4099378,1050594,61353
2026-06-25 02:13:11,1,1,54194,3937940,129,3796
2026-06-25 02:13:11,1,2,4049234,54332593366,61279,1050095
2026-06-25 02:13:11,1,3,54176809472,4099378,1050594,61353
2026-06-25 02:13:14,1,1,54194,3937940,129,3796
2026-06-25 02:13:14,1,2,4049234,54332593366,61279,1050095
2026-06-25 02:13:14,1,3,54176809472,4099378,1050594,61353
2026-06-25 02:13:17,1,1,54194,3937940,129,3796
2026-06-25 02:13:17,1,2,4049234,54332593366,61279,1050095
2026-06-25 02:13:17,1,3,54176809472,4099378,1050594,61353
2026-06-25 02:13:20,1,1,54194,3937940,129,3796
2026-06-25 02:13:20,1,2,4049234,54332593366,61279,1050095
2026-06-25 02:13:20,1,3,54176809472,4099378,1050594,61353
2026-06-25 02:13:23,1,1,54194,3937940,129,3796
2026-06-25 02:13:23,1,2,4049234,54332593366,61279,1050095
2026-06-25 02:13:23,1,3,54176809472,4099378,1050594,61353
2026-06-25 02:13:26,1,1,54194,3937940,129,3796
2026-06-25 02:13:26,1,2,4049234,54332593366,61279,1050095
2026-06-25 02:13:26,1,3,54176809472,4099378,1050594,61353
2026-06-25 02:13:29,1,1,54194,3937940,129,3796
2026-06-25 02:13:29,1,2,4049234,54332593366,61279,1050095
2026-06-25 02:13:29,1,3,54176809472,4099378,1050594,61353
2026-06-25 02:13:32,1,1,54194,3937940,129,3796
2026-06-25 02:13:32,1,2,4049234,54332593366,61279,1050095
2026-06-25 02:13:32,1,3,54176809472,4099378,1050594,61353
2026-06-25 02:13:35,1,1,54194,3937940,129,3796
2026-06-25 02:13:35,1,2,4049234,54332593366,61279,1050095
2026-06-25 02:13:35,1,3,54176809472,4099378,1050594,61353
2026-06-25 02:13:38,1,1,54194,3937940,129,3796
2026-06-25 02:13:38,1,2,4049234,54332593366,61279,1050095
2026-06-25 02:13:38,1,3,54176809472,4099378,1050594,61353
2026-06-25 02:13:41,1,1,54194,3938010,129,3797
2026-06-25 02:13:41,1,2,4049374,54332593366,61281,1050095
2026-06-25 02:13:41,1,3,54176809542,4099378,1050595,61353
2026-06-25 02:13:44,1,1,54194,3938010,129,3797
2026-06-25 02:13:44,1,2,4049374,54332593366,61281,1050095
2026-06-25 02:13:44,1,3,54176809542,4099378,1050595,61353
2026-06-25 02:13:47,1,1,54194,3938010,129,3797
2026-06-25 02:13:47,1,2,4049374,54332593366,61281,1050095
2026-06-25 02:13:47,1,3,54176809542,4099378,1050595,61353
2026-06-25 02:13:50,1,1,54194,3938010,129,3797
2026-06-25 02:13:50,1,2,4049374,54332593366,61281,1050095
2026-06-25 02:13:50,1,3,54176809542,4099378,1050595,61353
2026-06-25 02:13:53,1,1,54194,3938010,129,3797
2026-06-25 02:13:53,1,2,4049374,54332593366,61281,1050095
2026-06-25 02:13:53,1,3,54176809542,4099378,1050595,61353
2026-06-25 02:13:56,1,1,54194,3938010,129,3797
2026-06-25 02:13:56,1,2,4049374,54332593366,61281,1050095
2026-06-25 02:13:56,1,3,54176809542,4099378,1050595,61353
2026-06-25 02:13:59,1,1,54194,3938010,129,3797
2026-06-25 02:13:59,1,2,4049374,54332593366,61281,1050095
2026-06-25 02:13:59,1,3,54176809542,4099378,1050595,61353
2026-06-25 02:14:02,1,1,54194,3938010,129,3797
2026-06-25 02:14:02,1,2,4049374,54332593366,61281,1050095
2026-06-25 02:14:02,1,3,54176809542,4099378,1050595,61353
2026-06-25 02:14:05,1,1,54194,3938010,129,3797
2026-06-25 02:14:05,1,2,4049374,54332593366,61281,1050095
2026-06-25 02:14:05,1,3,54176809542,4099378,1050595,61353
2026-06-25 02:14:08,1,1,54194,3938010,129,3797
2026-06-25 02:14:08,1,2,4049374,54332593366,61281,1050095
2026-06-25 02:14:08,1,3,54176809542,4099378,1050595,61353
2026-06-25 02:14:11,1,1,54194,3938010,129,3797
2026-06-25 02:14:11,1,2,4049374,54332593366,61281,1050095
2026-06-25 02:14:11,1,3,54176809542,4099378,1050595,61353
2026-06-25 02:14:14,1,1,54194,3938010,129,3797
2026-06-25 02:14:14,1,2,4049374,54332593366,61281,1050095
2026-06-25 02:14:14,1,3,54176809542,4099378,1050595,61353
2026-06-25 02:14:17,1,1,54194,3938010,129,3797
2026-06-25 02:14:17,1,2,4049374,54332593366,61281,1050095
2026-06-25 02:14:17,1,3,54176809542,4099378,1050595,61353
2026-06-25 02:14:20,1,1,54194,3938010,129,3797
2026-06-25 02:14:20,1,2,4049374,54332593366,61281,1050095
2026-06-25 02:14:20,1,3,54176809542,4099378,1050595,61353
2026-06-25 02:14:23,1,1,54194,3938010,129,3797
2026-06-25 02:14:23,1,2,4049374,54332593366,61281,1050095
2026-06-25 02:14:23,1,3,54176809542,4099378,1050595,61353
2026-06-25 02:14:26,1,1,54194,3938010,129,3797
2026-06-25 02:14:26,1,2,4049374,54332593366,61281,1050095
2026-06-25 02:14:26,1,3,54176809542,4099378,1050595,61353
2026-06-25 02:14:29,1,1,54194,3938010,129,3797
2026-06-25 02:14:29,1,2,4049374,54332593366,61281,1050095
2026-06-25 02:14:29,1,3,54176809542,4099378,1050595,61353
2026-06-25 02:14:32,1,1,54194,3938010,129,3797
2026-06-25 02:14:32,1,2,4049374,54332593366,61281,1050095
2026-06-25 02:14:32,1,3,54176809542,4099378,1050595,61353
2026-06-25 02:14:35,1,1,54194,3938010,129,3797
2026-06-25 02:14:35,1,2,4049374,54332593366,61281,1050095
2026-06-25 02:14:35,1,3,54176809542,4099378,1050595,61353
2026-06-25 02:14:38,1,1,54194,3938010,129,3797
2026-06-25 02:14:38,1,2,4049374,54332593366,61281,1050095
2026-06-25 02:14:38,1,3,54176809542,4099378,1050595,61353
2026-06-25 02:14:41,1,1,54194,3938010,129,3797
2026-06-25 02:14:41,1,2,4049374,54332593366,61281,1050095
2026-06-25 02:14:41,1,3,54176809542,4099378,1050595,61353
2026-06-25 02:14:44,1,1,54194,3938010,129,3797
2026-06-25 02:14:44,1,2,4049374,54332593366,61281,1050095
2026-06-25 02:14:44,1,3,54176809542,4099378,1050595,61353
2026-06-25 02:14:47,1,1,54264,3938010,130,3797
2026-06-25 02:14:47,1,2,4049444,54332593366,61282,1050095
2026-06-25 02:14:47,1,3,54176809542,4099448,1050595,61354
2026-06-25 02:14:50,1,1,54264,3938010,130,3797
2026-06-25 02:14:50,1,2,4049444,54332593366,61282,1050095
2026-06-25 02:14:50,1,3,54176809542,4099448,1050595,61354
2026-06-25 02:14:53,1,1,54264,3938010,130,3797
2026-06-25 02:14:53,1,2,4049444,54332593366,61282,1050095
2026-06-25 02:14:53,1,3,54176809542,4099448,1050595,61354
2026-06-25 02:14:56,1,1,54264,3938010,130,3797
2026-06-25 02:14:56,1,2,4049444,54332593366,61282,1050095
2026-06-25 02:14:56,1,3,54176809542,4099448,1050595,61354
2026-06-25 02:14:59,1,1,54264,3938010,130,3797
2026-06-25 02:14:59,1,2,4049444,54332593366,61282,1050095
2026-06-25 02:14:59,1,3,54176809542,4099448,1050595,61354
2026-06-25 02:15:02,1,1,54264,3938010,130,3797
2026-06-25 02:15:02,1,2,4049444,54332593366,61282,1050095
2026-06-25 02:15:02,1,3,54176809542,4099448,1050595,61354
2026-06-25 02:15:05,1,1,54264,3938010,130,3797
2026-06-25 02:15:05,1,2,4049444,54332593366,61282,1050095
2026-06-25 02:15:05,1,3,54176809542,4099448,1050595,61354
2026-06-25 02:15:08,1,1,54264,3938010,130,3797
2026-06-25 02:15:08,1,2,4049444,54332593366,61282,1050095
2026-06-25 02:15:08,1,3,54176809542,4099448,1050595,61354
2026-06-25 02:15:11,1,1,54264,3938010,130,3797
2026-06-25 02:15:11,1,2,4049444,54332593366,61282,1050095
2026-06-25 02:15:11,1,3,54176809542,4099448,1050595,61354
2026-06-25 02:15:14,1,1,54264,3938010,130,3797
2026-06-25 02:15:14,1,2,4049444,54332593366,61282,1050095
2026-06-25 02:15:14,1,3,54176809542,4099448,1050595,61354
2026-06-25 02:15:17,1,1,54264,3938010,130,3797
2026-06-25 02:15:17,1,2,4049444,54332593366,61282,1050095
2026-06-25 02:15:17,1,3,54176809542,4099448,1050595,61354
2026-06-25 02:15:20,1,1,54264,3938010,130,3797
2026-06-25 02:15:20,1,2,4049444,54332593366,61282,1050095
2026-06-25 02:15:20,1,3,54176809542,4099448,1050595,61354
2026-06-25 02:15:23,1,1,54264,3938010,130,3797
2026-06-25 02:15:23,1,2,4049444,54332593366,61282,1050095
2026-06-25 02:15:23,1,3,54176809542,4099448,1050595,61354
2026-06-25 02:15:26,1,1,54264,3938010,130,3797
2026-06-25 02:15:26,1,2,4049444,54332593366,61282,1050095
2026-06-25 02:15:26,1,3,54176809542,4099448,1050595,61354
2026-06-25 02:15:29,1,1,54264,3938010,130,3797
2026-06-25 02:15:29,1,2,4049444,54332593366,61282,1050095
2026-06-25 02:15:29,1,3,54176809542,4099448,1050595,61354
2026-06-25 02:15:32,1,1,54264,3938010,130,3797
2026-06-25 02:15:32,1,2,4049444,54332593366,61282,1050095
2026-06-25 02:15:32,1,3,54176809542,4099448,1050595,61354
2026-06-25 02:15:35,1,1,54264,3938010,130,3797
2026-06-25 02:15:35,1,2,4049444,54332593366,61282,1050095
2026-06-25 02:15:35,1,3,54176809542,4099448,1050595,61354
2026-06-25 02:15:38,1,1,54264,3938010,130,3797
2026-06-25 02:15:38,1,2,4049444,54332593366,61282,1050095
2026-06-25 02:15:38,1,3,54176809542,4099448,1050595,61354
2026-06-25 02:15:41,1,1,54264,3938010,130,3797
2026-06-25 02:15:41,1,2,4049444,54332593366,61282,1050095
2026-06-25 02:15:41,1,3,54176809542,4099448,1050595,61354
2026-06-25 02:15:44,1,1,54264,3938010,130,3797
2026-06-25 02:15:44,1,2,4049444,54332593366,61282,1050095
2026-06-25 02:15:44,1,3,54176809542,4099448,1050595,61354
2026-06-25 02:15:47,1,1,54264,3938010,130,3797
2026-06-25 02:15:47,1,2,4049444,54332593366,61282,1050095
2026-06-25 02:15:47,1,3,54176809542,4099448,1050595,61354
2026-06-25 02:15:50,1,1,54264,3938010,130,3797
2026-06-25 02:15:50,1,2,4049444,54332593366,61282,1050095
2026-06-25 02:15:50,1,3,54176809542,4099448,1050595,61354
2026-06-25 02:15:53,1,1,54334,3938010,131,3797
2026-06-25 02:15:53,1,2,4049444,54332593366,61282,1050095
2026-06-25 02:15:53,1,3,54176809542,4099448,1050595,61354
2026-06-25 02:15:56,1,1,54334,3938010,131,3797
2026-06-25 02:15:56,1,2,4049444,54332593366,61282,1050095
2026-06-25 02:15:56,1,3,54176809542,4099448,1050595,61354
2026-06-25 02:15:59,1,1,54334,3938010,131,3797
2026-06-25 02:15:59,1,2,4049444,54332593366,61282,1050095
2026-06-25 02:15:59,1,3,54176809542,4099448,1050595,61354
2026-06-25 02:16:02,1,1,54334,3938010,131,3797
2026-06-25 02:16:02,1,2,4049444,54332593366,61282,1050095
2026-06-25 02:16:02,1,3,54176809542,4099448,1050595,61354
2026-06-25 02:16:05,1,1,54334,3938010,131,3797
2026-06-25 02:16:05,1,2,4049444,54332593366,61282,1050095
2026-06-25 02:16:05,1,3,54176809542,4099448,1050595,61354
2026-06-25 02:16:08,1,1,54334,3938010,131,3797
2026-06-25 02:16:08,1,2,4049444,54332593366,61282,1050095
2026-06-25 02:16:08,1,3,54176809542,4099448,1050595,61354
2026-06-25 02:16:11,1,1,54334,3938010,131,3797
2026-06-25 02:16:11,1,2,4049444,54332593366,61282,1050095
2026-06-25 02:16:11,1,3,54176809542,4099448,1050595,61354
2026-06-25 02:16:14,1,1,54334,3938010,131,3797
2026-06-25 02:16:14,1,2,4049444,54332593366,61282,1050095
2026-06-25 02:16:14,1,3,54176809542,4099448,1050595,61354
2026-06-25 02:16:17,1,1,54334,3938010,131,3797
2026-06-25 02:16:17,1,2,4049444,54332593366,61282,1050095
2026-06-25 02:16:17,1,3,54176809542,4099448,1050595,61354
2026-06-25 02:16:20,1,1,54334,3938010,131,3797
2026-06-25 02:16:20,1,2,4049444,54332593366,61282,1050095
2026-06-25 02:16:20,1,3,54176809542,4099448,1050595,61354
2026-06-25 02:16:23,1,1,54334,3938010,131,3797
2026-06-25 02:16:23,1,2,4049444,54332593366,61282,1050095
2026-06-25 02:16:23,1,3,54176809542,4099448,1050595,61354
2026-06-25 02:16:26,1,1,54334,3938010,131,3797
2026-06-25 02:16:26,1,2,4049444,54332593366,61282,1050095
2026-06-25 02:16:26,1,3,54176809542,4099448,1050595,61354
2026-06-25 02:16:29,1,1,54334,3938010,131,3797
2026-06-25 02:16:29,1,2,4049444,54332593366,61282,1050095
2026-06-25 02:16:29,1,3,54176809542,4099448,1050595,61354
2026-06-25 02:16:32,1,1,54334,3938010,131,3797
2026-06-25 02:16:32,1,2,4049444,54332593366,61282,1050095
2026-06-25 02:16:32,1,3,54176809542,4099448,1050595,61354
2026-06-25 02:16:35,1,1,54334,3938010,131,3797
2026-06-25 02:16:35,1,2,4049444,54332593366,61282,1050095
2026-06-25 02:16:35,1,3,54176809542,4099448,1050595,61354
2026-06-25 02:16:38,1,1,54334,3938010,131,3797
2026-06-25 02:16:38,1,2,4049444,54332593366,61282,1050095
2026-06-25 02:16:38,1,3,54176809542,4099448,1050595,61354
2026-06-25 02:16:41,1,1,54334,3938010,131,3797
2026-06-25 02:16:41,1,2,4049444,54332593366,61282,1050095
2026-06-25 02:16:41,1,3,54176809542,4099448,1050595,61354
2026-06-25 02:16:44,1,1,54334,3938010,131,3797
2026-06-25 02:16:44,1,2,4049444,54332593366,61282,1050095
2026-06-25 02:16:44,1,3,54176809542,4099448,1050595,61354
2026-06-25 02:16:47,1,1,54334,3938010,131,3797
2026-06-25 02:16:47,1,2,4049444,54332593366,61282,1050095
2026-06-25 02:16:47,1,3,54176809542,4099448,1050595,61354
2026-06-25 02:16:50,1,1,54334,3938010,131,3797
2026-06-25 02:16:50,1,2,4049444,54332593366,61282,1050095
2026-06-25 02:16:50,1,3,54176809542,4099448,1050595,61354
2026-06-25 02:16:53,1,1,54334,3938010,131,3797
2026-06-25 02:16:53,1,2,4049444,54332593366,61282,1050095
2026-06-25 02:16:53,1,3,54176809542,4099448,1050595,61354
2026-06-25 02:16:56,1,1,54334,3938010,131,3797
2026-06-25 02:16:56,1,2,4049444,54332593366,61282,1050095
2026-06-25 02:16:56,1,3,54176809542,4099448,1050595,61354
2026-06-25 02:16:59,1,1,54404,3938010,132,3797
2026-06-25 02:16:59,1,2,4049444,54332593436,61282,1050096
2026-06-25 02:16:59,1,3,54176809612,4099448,1050596,61354
